a_target,a_pred,mt,cs,E1,E2,E3,L1,L2,L3,seed,loss
0.0020000000949949026,0.002005012007430196,10,0.840462327003479,14.832378387451172,9.832660675048828,7.332633018493652,10.0,10.0,10.0,42,5.011912435293198e-06
0.0020000000949949026,0.002005012007430196,10,0.840462327003479,14.832378387451172,9.832660675048828,7.332633018493652,10.0,10.0,10.0,123,5.011912435293198e-06
0.0020000000949949026,0.002005012007430196,10,0.840462327003479,14.832378387451172,9.832660675048828,7.332633018493652,10.0,10.0,10.0,888,5.011912435293198e-06
0.002099999925121665,0.0021127115469425917,10,0.8,14.819818496704102,9.820091247558594,7.320046901702881,10.0,10.0,10.0,42,1.2711621820926666e-05
0.002099999925121665,0.0021127115469425917,10,0.8,14.819818496704102,9.820091247558594,7.320046901702881,10.0,10.0,10.0,123,1.2711621820926666e-05
0.002099999925121665,0.0021127115469425917,10,0.8,14.819818496704102,9.820091247558594,7.320046901702881,10.0,10.0,10.0,888,1.2711621820926666e-05
0.002199999988079071,0.0022039832547307014,10,0.8,14.809467315673828,9.809728622436523,7.309700012207031,10.0,10.0,10.0,42,3.983266651630402e-06
0.002199999988079071,0.0022039832547307014,10,0.8,14.809467315673828,9.809728622436523,7.309700012207031,10.0,10.0,10.0,123,3.983266651630402e-06
0.002199999988079071,0.0022039832547307014,10,0.8,14.809467315673828,9.809728622436523,7.309700012207031,10.0,10.0,10.0,888,3.983266651630402e-06
0.002300000051036477,0.00229918141849339,10,0.8,14.79719066619873,9.797429084777832,7.297420501708984,10.0,10.0,10.0,42,8.186325430870056e-07
0.002300000051036477,0.00229918141849339,10,0.8,14.79719066619873,9.797429084777832,7.297420501708984,10.0,10.0,10.0,123,8.186325430870056e-07
0.002300000051036477,0.00229918141849339,10,0.8,14.79719066619873,9.797429084777832,7.297420501708984,10.0,10.0,10.0,888,8.186325430870056e-07
0.002400000113993883,0.002406819025054574,10,0.8,14.786998748779297,9.787283897399902,7.287242412567139,10.0,10.0,10.0,42,6.81891106069088e-06
0.002400000113993883,0.002406819025054574,10,0.8,14.786998748779297,9.787283897399902,7.287242412567139,10.0,10.0,10.0,123,6.81891106069088e-06
0.002400000113993883,0.002406819025054574,10,0.8,14.786998748779297,9.787283897399902,7.287242412567139,10.0,10.0,10.0,888,6.81891106069088e-06
0.0020000000949949026,0.001991381635889411,20,1.0207539796829224,15.008536338806152,10.008813858032227,7.508695602416992,10.0,10.0,10.0,42,8.618459105491638e-06
0.0020000000949949026,0.001991381635889411,20,1.0207539796829224,15.008536338806152,10.008813858032227,7.508695602416992,10.0,10.0,10.0,123,8.618459105491638e-06
0.0020000000949949026,0.001991381635889411,20,1.0207539796829224,15.008536338806152,10.008813858032227,7.508695602416992,10.0,10.0,10.0,888,8.618459105491638e-06
0.002099999925121665,0.0020958450622856617,20,0.97,14.995631217956543,9.995862007141113,7.495762348175049,10.0,10.0,10.0,42,4.1548628360033035e-06
0.002099999925121665,0.0020958450622856617,20,0.97,14.995631217956543,9.995862007141113,7.495762348175049,10.0,10.0,10.0,123,4.1548628360033035e-06
0.002099999925121665,0.0020958450622856617,20,0.97,14.995631217956543,9.995862007141113,7.495762348175049,10.0,10.0,10.0,888,4.1548628360033035e-06
0.002199999988079071,0.0021944635082036257,20,0.97,14.979593276977539,9.979823112487793,7.479730606079102,10.0,10.0,10.0,42,5.536479875445366e-06
0.002199999988079071,0.0021944635082036257,20,0.97,14.979593276977539,9.979823112487793,7.479730606079102,10.0,10.0,10.0,123,5.536479875445366e-06
0.002199999988079071,0.0021944635082036257,20,0.97,14.979593276977539,9.979823112487793,7.479730606079102,10.0,10.0,10.0,888,5.536479875445366e-06
0.002300000051036477,0.0023127561435103416,20,0.97,14.966095924377441,9.96634292602539,7.466220855712891,10.0,10.0,10.0,42,1.2756092473864555e-05
0.002300000051036477,0.0023127561435103416,20,0.97,14.966095924377441,9.96634292602539,7.466220855712891,10.0,10.0,10.0,123,1.2756092473864555e-05
0.002300000051036477,0.0023127561435103416,20,0.97,14.966095924377441,9.96634292602539,7.466220855712891,10.0,10.0,10.0,888,1.2756092473864555e-05
0.002400000113993883,0.0023738129530102015,20,0.97,14.95880126953125,9.959097862243652,7.458954811096191,10.0,10.0,10.0,42,2.618716098368168e-05
0.002400000113993883,0.0023738129530102015,20,0.97,14.95880126953125,9.959097862243652,7.458954811096191,10.0,10.0,10.0,123,2.618716098368168e-05
0.002400000113993883,0.0023738129530102015,20,0.97,14.95880126953125,9.959097862243652,7.458954811096191,10.0,10.0,10.0,888,2.618716098368168e-05
0.0020000000949949026,0.001998912775889039,30,1.2104954719543457,15.193206787109375,10.193446159362793,7.69324254989624,10.0,10.0,10.0,42,1.0873191058635712e-06
0.0020000000949949026,0.001998912775889039,30,1.2104954719543457,15.193206787109375,10.193446159362793,7.69324254989624,10.0,10.0,10.0,123,1.0873191058635712e-06
0.0020000000949949026,0.001998912775889039,30,1.2104954719543457,15.193206787109375,10.193446159362793,7.69324254989624,10.0,10.0,10.0,888,1.0873191058635712e-06
0.002099999925121665,0.0020930373575538397,30,1.1996358633041382,15.180533409118652,10.180830955505371,7.68060827255249,10.0,10.0,10.0,42,6.962567567825317e-06
0.002099999925121665,0.0020930373575538397,30,1.1996358633041382,15.180533409118652,10.180830955505371,7.68060827255249,10.0,10.0,10.0,123,6.962567567825317e-06
0.002099999925121665,0.0020930373575538397,30,1.1996358633041382,15.180533409118652,10.180830955505371,7.68060827255249,10.0,10.0,10.0,888,6.962567567825317e-06
0.002199999988079071,0.0022093872539699078,30,1.1833285093307495,15.165031433105469,10.165345191955566,7.6650800704956055,10.0,10.0,10.0,42,9.387265890836716e-06
0.002199999988079071,0.0022093872539699078,30,1.1833285093307495,15.165031433105469,10.165345191955566,7.6650800704956055,10.0,10.0,10.0,123,9.387265890836716e-06
0.002199999988079071,0.0022093872539699078,30,1.1833285093307495,15.165031433105469,10.165345191955566,7.6650800704956055,10.0,10.0,10.0,888,9.387265890836716e-06
0.002300000051036477,0.002300112508237362,30,1.1716471910476685,15.153205871582031,10.1535062789917,7.653254985809326,10.0,10.0,10.0,42,1.1245720088481903e-07
0.002300000051036477,0.002300112508237362,30,1.1716471910476685,15.153205871582031,10.1535062789917,7.653254985809326,10.0,10.0,10.0,123,1.1245720088481903e-07
0.002300000051036477,0.002300112508237362,30,1.1716471910476685,15.153205871582031,10.1535062789917,7.653254985809326,10.0,10.0,10.0,888,1.1245720088481903e-07
0.002400000113993883,0.0024028588086366653,30,1.1592838764190674,15.14163875579834,10.14192008972168,7.641679286956787,10.0,10.0,10.0,42,2.8586946427822113e-06
0.002400000113993883,0.0024028588086366653,30,1.1592838764190674,15.14163875579834,10.14192008972168,7.641679286956787,10.0,10.0,10.0,123,2.8586946427822113e-06
0.002400000113993883,0.0024028588086366653,30,1.1592838764190674,15.14163875579834,10.14192008972168,7.641679286956787,10.0,10.0,10.0,888,2.8586946427822113e-06
0.0020000000949949026,0.0019918535836040974,40,1.4291348457336426,15.422054290771484,10.421982765197754,7.922190189361572,10.0,10.0,10.0,42,8.146511390805244e-06
0.0020000000949949026,0.0019918535836040974,40,1.4291348457336426,15.422054290771484,10.421982765197754,7.922190189361572,10.0,10.0,10.0,123,8.146511390805244e-06
0.0020000000949949026,0.0019918535836040974,40,1.4291348457336426,15.422054290771484,10.421982765197754,7.922190189361572,10.0,10.0,10.0,888,8.146511390805244e-06
0.002099999925121665,0.0020868945866823196,40,1.4125964641571045,15.403803825378418,10.403753280639648,7.903911113739014,10.0,10.0,10.0,42,1.310533843934536e-05
0.002099999925121665,0.0020868945866823196,40,1.4125964641571045,15.403803825378418,10.403753280639648,7.903911113739014,10.0,10.0,10.0,123,1.310533843934536e-05
0.002099999925121665,0.0020868945866823196,40,1.4125964641571045,15.403803825378418,10.403753280639648,7.903911113739014,10.0,10.0,10.0,888,1.310533843934536e-05
0.002199999988079071,0.002201916417106986,40,1.33,15.385387420654297,10.38539981842041,7.885508060455322,10.0,10.0,10.0,42,1.916429027915001e-06
0.002199999988079071,0.002201916417106986,40,1.33,15.385387420654297,10.38539981842041,7.885508060455322,10.0,10.0,10.0,123,1.916429027915001e-06
0.002199999988079071,0.002201916417106986,40,1.33,15.385387420654297,10.38539981842041,7.885508060455322,10.0,10.0,10.0,888,1.916429027915001e-06
0.002300000051036477,0.002288875635713339,40,1.33,15.369730949401855,10.369749069213867,7.869791507720947,10.0,10.0,10.0,42,1.1124415323138237e-05
0.002300000051036477,0.002288875635713339,40,1.33,15.369730949401855,10.369749069213867,7.869791507720947,10.0,10.0,10.0,123,1.1124415323138237e-05
0.002300000051036477,0.002288875635713339,40,1.33,15.369730949401855,10.369749069213867,7.869791507720947,10.0,10.0,10.0,888,1.1124415323138237e-05
0.002400000113993883,0.00239553046412766,40,1.33,15.356280326843262,10.35634708404541,7.856316089630127,10.0,10.0,10.0,42,4.469649866223335e-06
0.002400000113993883,0.00239553046412766,40,1.33,15.356280326843262,10.35634708404541,7.856316089630127,10.0,10.0,10.0,123,4.469649866223335e-06
0.002400000113993883,0.00239553046412766,40,1.33,15.356280326843262,10.35634708404541,7.856316089630127,10.0,10.0,10.0,888,4.469649866223335e-06
0.0020000000949949026,0.001997448271140456,50,1.6702136993408203,15.720227241516113,10.718924522399902,8.221176147460938,9.240696907043457,10.75668716430664,10.763655662536621,42,2.551823854446411e-06
0.0020000000949949026,0.001997448271140456,50,1.6702136993408203,15.720227241516113,10.718924522399902,8.221176147460938,9.240696907043457,10.75668716430664,10.763655662536621,123,2.551823854446411e-06
0.0020000000949949026,0.001997448271140456,50,1.6702136993408203,15.720227241516113,10.718924522399902,8.221176147460938,9.240696907043457,10.75668716430664,10.763655662536621,888,2.551823854446411e-06
0.002099999925121665,0.0020988499745726585,50,1.652187466621399,15.697478294372559,10.696257591247559,8.19837474822998,9.266379356384277,10.731202125549316,10.737625122070312,42,1.149950549006462e-06
0.002099999925121665,0.0020988499745726585,50,1.652187466621399,15.697478294372559,10.696257591247559,8.19837474822998,9.266379356384277,10.731202125549316,10.737625122070312,123,1.149950549006462e-06
0.002099999925121665,0.0020988499745726585,50,1.652187466621399,15.697478294372559,10.696257591247559,8.19837474822998,9.266379356384277,10.731202125549316,10.737625122070312,888,1.149950549006462e-06
0.002199999988079071,0.002204391174018383,50,1.632120132446289,15.67003345489502,10.668967247009277,8.170888900756836,9.297204971313477,10.70042610168457,10.706475257873535,42,4.391185939311981e-06
0.002199999988079071,0.002204391174018383,50,1.632120132446289,15.67003345489502,10.668967247009277,8.170888900756836,9.297204971313477,10.70042610168457,10.706475257873535,123,4.391185939311981e-06
0.002199999988079071,0.002204391174018383,50,1.632120132446289,15.67003345489502,10.668967247009277,8.170888900756836,9.297204971313477,10.70042610168457,10.706475257873535,888,4.391185939311981e-06
0.002300000051036477,0.00229105562902987,50,1.6183542013168335,15.651570320129395,10.65062141418457,8.152352333068848,9.318365097045898,10.67939567565918,10.684992790222168,42,8.944422006607056e-06
0.002300000051036477,0.00229105562902987,50,1.6183542013168335,15.651570320129395,10.65062141418457,8.152352333068848,9.318365097045898,10.67939567565918,10.684992790222168,123,8.944422006607056e-06
0.002300000051036477,0.00229105562902987,50,1.6183542013168335,15.651570320129395,10.65062141418457,8.152352333068848,9.318365097045898,10.67939567565918,10.684992790222168,888,8.944422006607056e-06
0.002400000113993883,0.0024024886079132557,50,1.599942684173584,15.62759017944336,10.626684188842773,8.128262519836426,9.345236778259277,10.652689933776855,10.657876968383789,42,2.4884939193725586e-06
0.002400000113993883,0.0024024886079132557,50,1.599942684173584,15.62759017944336,10.626684188842773,8.128262519836426,9.345236778259277,10.652689933776855,10.657876968383789,123,2.4884939193725586e-06
0.002400000113993883,0.0024024886079132557,50,1.599942684173584,15.62759017944336,10.626684188842773,8.128262519836426,9.345236778259277,10.652689933776855,10.657876968383789,888,2.4884939193725586e-06
0.0020000000949949026,0.0020034152548760176,60,1.9466675519943237,16.1296443939209,11.125480651855469,8.632737159729004,8.740617752075195,11.226353645324707,11.273765563964844,42,3.4151598811149597e-06
0.0020000000949949026,0.0020034152548760176,60,1.9466675519943237,16.1296443939209,11.125480651855469,8.632737159729004,8.740617752075195,11.226353645324707,11.273765563964844,123,3.4151598811149597e-06
0.0020000000949949026,0.0020034152548760176,60,1.9466675519943237,16.1296443939209,11.125480651855469,8.632737159729004,8.740617752075195,11.226353645324707,11.273765563964844,888,3.4151598811149597e-06
0.002099999925121665,0.0020969912875443697,60,1.924469232559204,16.092260360717773,11.088366508483887,8.595174789428711,8.78608226776123,11.18391227722168,11.227459907531738,42,3.0086375772953033e-06
0.002099999925121665,0.0020969912875443697,60,1.924469232559204,16.092260360717773,11.088366508483887,8.595174789428711,8.78608226776123,11.18391227722168,11.227459907531738,123,3.0086375772953033e-06
0.002099999925121665,0.0020969912875443697,60,1.924469232559204,16.092260360717773,11.088366508483887,8.595174789428711,8.78608226776123,11.18391227722168,11.227459907531738,888,3.0086375772953033e-06
0.002199999988079071,0.0021993103437125683,60,1.901564598083496,16.053810119628906,11.050209045410156,8.55655574798584,8.832322120666504,11.140629768371582,11.180411338806152,42,6.896443665027618e-07
0.002199999988079071,0.0021993103437125683,60,1.901564598083496,16.053810119628906,11.050209045410156,8.55655574798584,8.832322120666504,11.140629768371582,11.180411338806152,123,6.896443665027618e-07
0.002199999988079071,0.0021993103437125683,60,1.901564598083496,16.053810119628906,11.050209045410156,8.55655574798584,8.832322120666504,11.140629768371582,11.180411338806152,888,6.896443665027618e-07
0.002300000051036477,0.002288636052981019,60,1.8820494413375854,16.023366928100586,11.019987106323242,8.525989532470703,8.869263648986816,11.106014251708984,11.142776489257812,42,1.1363998055458069e-05
0.002300000051036477,0.002288636052981019,60,1.8820494413375854,16.023366928100586,11.019987106323242,8.525989532470703,8.869263648986816,11.106014251708984,11.142776489257812,123,1.1363998055458069e-05
0.002300000051036477,0.002288636052981019,60,1.8820494413375854,16.023366928100586,11.019987106323242,8.525989532470703,8.869263648986816,11.106014251708984,11.142776489257812,888,1.1363998055458069e-05
0.002400000113993883,0.0024101990275084972,60,1.8590223789215088,15.989087104797363,10.985901832580566,8.491498947143555,8.909790992736816,11.067649841308594,11.101618766784668,42,1.0198913514614105e-05
0.002400000113993883,0.0024101990275084972,60,1.8590223789215088,15.989087104797363,10.985901832580566,8.491498947143555,8.909790992736816,11.067649841308594,11.101618766784668,123,1.0198913514614105e-05
0.002400000113993883,0.0024101990275084972,60,1.8590223789215088,15.989087104797363,10.985901832580566,8.491498947143555,8.909790992736816,11.067649841308594,11.101618766784668,888,1.0198913514614105e-05
0.0020000000949949026,0.001997434999793768,70,1.9976412057876587,18.8864803314209,13.859542846679688,11.404189109802246,5.253949165344238,14.089362144470215,14.815410614013672,42,2.5650952011346817e-06
0.0020000000949949026,0.001997434999793768,70,1.9976412057876587,18.8864803314209,13.859542846679688,11.404189109802246,5.253949165344238,14.089362144470215,14.815410614013672,123,2.5650952011346817e-06
0.0020000000949949026,0.001997434999793768,70,1.9976412057876587,18.8864803314209,13.859542846679688,11.404189109802246,5.253949165344238,14.089362144470215,14.815410614013672,888,2.5650952011346817e-06
0.002099999925121665,0.0020994311198592186,70,1.9970942735671997,18.610576629638672,13.585890769958496,11.127019882202148,5.600939750671387,13.836548805236816,14.465534210205078,42,5.688052624464035e-07
0.002099999925121665,0.0020994311198592186,70,1.9970942735671997,18.610576629638672,13.585890769958496,11.127019882202148,5.600939750671387,13.836548805236816,14.465534210205078,123,5.688052624464035e-07
0.002099999925121665,0.0020994311198592186,70,1.9970942735671997,18.610576629638672,13.585890769958496,11.127019882202148,5.600939750671387,13.836548805236816,14.465534210205078,888,5.688052624464035e-07
0.002199999988079071,0.0021992456167936325,70,1.9957456588745117,18.34496307373047,13.322450637817383,10.860187530517578,5.934900283813477,13.586649894714355,14.12840461730957,42,7.543712854385376e-07
0.002199999988079071,0.0021992456167936325,70,1.9957456588745117,18.34496307373047,13.322450637817383,10.860187530517578,5.934900283813477,13.586649894714355,14.12840461730957,123,7.543712854385376e-07
0.002199999988079071,0.0021992456167936325,70,1.9957456588745117,18.34496307373047,13.322450637817383,10.860187530517578,5.934900283813477,13.586649894714355,14.12840461730957,888,7.543712854385376e-07
0.002300000051036477,0.0022991595324128866,70,1.995697259902954,18.0936222076416,13.073193550109863,10.607660293579102,6.249795436859131,13.344627380371094,13.81015682220459,42,8.405186235904694e-07
0.002300000051036477,0.0022991595324128866,70,1.995697259902954,18.0936222076416,13.073193550109863,10.607660293579102,6.249795436859131,13.344627380371094,13.81015682220459,123,8.405186235904694e-07
0.002300000051036477,0.0022991595324128866,70,1.995697259902954,18.0936222076416,13.073193550109863,10.607660293579102,6.249795436859131,13.344627380371094,13.81015682220459,888,8.405186235904694e-07
0.002400000113993883,0.0023970934562385082,70,1.9969463348388672,17.851247787475586,12.832798957824707,10.364133834838867,6.553717136383057,13.105684280395508,13.502617835998535,42,2.9066577553749084e-06
0.002400000113993883,0.0023970934562385082,70,1.9969463348388672,17.851247787475586,12.832798957824707,10.364133834838867,6.553717136383057,13.105684280395508,13.502617835998535,123,2.9066577553749084e-06
0.002400000113993883,0.0023970934562385082,70,1.9969463348388672,17.851247787475586,12.832798957824707,10.364133834838867,6.553717136383057,13.105684280395508,13.502617835998535,888,2.9066577553749084e-06
0.0020000000949949026,0.0020021286327391863,80,1.9978625774383545,22.06420135498047,17.007768630981445,14.596473693847656,1.0606051683425903,16.72341537475586,19.041635513305664,42,2.128537744283676e-06
0.0020000000949949026,0.0020021286327391863,80,1.9978625774383545,22.06420135498047,17.007768630981445,14.596473693847656,1.0606051683425903,16.72341537475586,19.041635513305664,123,2.128537744283676e-06
0.0020000000949949026,0.0020021286327391863,80,1.9978625774383545,22.06420135498047,17.007768630981445,14.596473693847656,1.0606051683425903,16.72341537475586,19.041635513305664,888,2.128537744283676e-06
0.002099999925121665,0.002101248363032937,80,1.9969736337661743,21.76920509338379,16.715518951416016,14.300188064575195,1.4493952989578247,16.537878036499023,18.65351676940918,42,1.248437911272049e-06
0.002099999925121665,0.002101248363032937,80,1.9969736337661743,21.76920509338379,16.715518951416016,14.300188064575195,1.4493952989578247,16.537878036499023,18.65351676940918,123,1.248437911272049e-06
0.002099999925121665,0.002101248363032937,80,1.9969736337661743,21.76920509338379,16.715518951416016,14.300188064575195,1.4493952989578247,16.537878036499023,18.65351676940918,888,1.248437911272049e-06
0.002199999988079071,0.0021946984343230724,80,1.9985779523849487,21.484210968017578,16.433120727539062,14.013959884643555,1.822729468345642,16.349159240722656,18.28044319152832,42,5.3015537559986115e-06
0.002199999988079071,0.0021946984343230724,80,1.9985779523849487,21.484210968017578,16.433120727539062,14.013959884643555,1.822729468345642,16.349159240722656,18.28044319152832,123,5.3015537559986115e-06
0.002199999988079071,0.0021946984343230724,80,1.9985779523849487,21.484210968017578,16.433120727539062,14.013959884643555,1.822729468345642,16.349159240722656,18.28044319152832,888,5.3015537559986115e-06
0.002300000051036477,0.0023027050774544477,80,1.9983576536178589,21.206499099731445,16.1578311920166,13.734990119934082,2.1839277744293213,16.155996322631836,17.919225692749023,42,2.7050264179706573e-06
0.002300000051036477,0.0023027050774544477,80,1.9983576536178589,21.206499099731445,16.1578311920166,13.734990119934082,2.1839277744293213,16.155996322631836,17.919225692749023,123,2.7050264179706573e-06
0.002300000051036477,0.0023027050774544477,80,1.9983576536178589,21.206499099731445,16.1578311920166,13.734990119934082,2.1839277744293213,16.155996322631836,17.919225692749023,888,2.7050264179706573e-06
0.002400000113993883,0.002392582129687071,80,2.0,20.9548397064209,15.908496856689453,13.48218822479248,2.512988567352295,15.97603702545166,17.589677810668945,42,7.417984306812286e-06
0.002400000113993883,0.002392582129687071,80,2.0,20.9548397064209,15.908496856689453,13.48218822479248,2.512988567352295,15.97603702545166,17.589677810668945,123,7.417984306812286e-06
0.002400000113993883,0.002392582129687071,80,2.0,20.9548397064209,15.908496856689453,13.48218822479248,2.512988567352295,15.97603702545166,17.589677810668945,888,7.417984306812286e-06
0.0020000000949949026,0.0020002888049930334,90,1.9998199939727783,25.766250610351562,20.673900604248047,18.312789916992188,0.0002655904972925782,18.95383071899414,24.15917205810547,42,2.8870999813079834e-07
0.0020000000949949026,0.0020002888049930334,90,1.9998199939727783,25.766250610351562,20.673900604248047,18.312789916992188,0.0002655904972925782,18.95383071899414,24.15917205810547,123,2.8870999813079834e-07
0.0020000000949949026,0.0020002888049930334,90,1.9998199939727783,25.766250610351562,20.673900604248047,18.312789916992188,0.0002655904972925782,18.95383071899414,24.15917205810547,888,2.8870999813079834e-07
0.002099999925121665,0.0021003035362809896,90,1.9998111724853516,25.359201431274414,20.270830154418945,17.903785705566406,0.0003472091630101204,18.800914764404297,23.590110778808594,42,3.03611159324646e-07
0.002099999925121665,0.0021003035362809896,90,1.9998111724853516,25.359201431274414,20.270830154418945,17.903785705566406,0.0003472091630101204,18.800914764404297,23.590110778808594,123,3.03611159324646e-07
0.002099999925121665,0.0021003035362809896,90,1.9998111724853516,25.359201431274414,20.270830154418945,17.903785705566406,0.0003472091630101204,18.800914764404297,23.590110778808594,888,3.03611159324646e-07
0.002199999988079071,0.0022041648626327515,90,1.9971613883972168,24.970829010009766,19.886215209960938,17.51360321044922,0.0038330599199980497,18.642589569091797,23.05160140991211,42,4.16487455368042e-06
0.002199999988079071,0.0022041648626327515,90,1.9971613883972168,24.970829010009766,19.886215209960938,17.51360321044922,0.0038330599199980497,18.642589569091797,23.05160140991211,123,4.16487455368042e-06
0.002199999988079071,0.0022041648626327515,90,1.9971613883972168,24.970829010009766,19.886215209960938,17.51360321044922,0.0038330599199980497,18.642589569091797,23.05160140991211,888,4.16487455368042e-06
0.002300000051036477,0.0022960344795137644,90,2.0,24.61168670654297,19.530574798583984,17.15275001525879,0.0,18.486534118652344,22.555770874023438,42,3.9655715227127075e-06
0.002300000051036477,0.0022960344795137644,90,2.0,24.61168670654297,19.530574798583984,17.15275001525879,0.0,18.486534118652344,22.555770874023438,123,3.9655715227127075e-06
0.002300000051036477,0.0022960344795137644,90,2.0,24.61168670654297,19.530574798583984,17.15275001525879,0.0,18.486534118652344,22.555770874023438,888,3.9655715227127075e-06
0.002400000113993883,0.002399046439677477,90,1.9988491535186768,24.261627197265625,19.183931350708008,16.801095962524414,0.0016092900186777115,18.32419776916504,22.07671356201172,42,9.5367431640625e-07
0.002400000113993883,0.002399046439677477,90,1.9988491535186768,24.261627197265625,19.183931350708008,16.801095962524414,0.0016092900186777115,18.32419776916504,22.07671356201172,123,9.5367431640625e-07
0.002400000113993883,0.002399046439677477,90,1.9988491535186768,24.261627197265625,19.183931350708008,16.801095962524414,0.0016092900186777115,18.32419776916504,22.07671356201172,888,9.5367431640625e-07
0.0020000000949949026,0.0020105286967009306,100,2.0,29.74317169189453,24.612140655517578,22.303876876831055,0.0,20.565471649169922,30.0,42,1.0528601706027985e-05
0.0020000000949949026,0.0020105286967009306,100,2.0,29.74317169189453,24.612140655517578,22.303876876831055,0.0,20.565471649169922,30.0,123,1.0528601706027985e-05
0.0020000000949949026,0.0020105286967009306,100,2.0,29.74317169189453,24.612140655517578,22.303876876831055,0.0,20.565471649169922,30.0,888,1.0528601706027985e-05
0.002099999925121665,0.0021022262517362833,100,1.998969554901123,29.31774139404297,24.190946578979492,21.87596893310547,0.0014001884264871478,20.54172134399414,29.394311904907227,42,2.2263266146183014e-06
0.002099999925121665,0.0021022262517362833,100,1.998969554901123,29.31774139404297,24.190946578979492,21.87596893310547,0.0014001884264871478,20.54172134399414,29.394311904907227,123,2.2263266146183014e-06
0.002099999925121665,0.0021022262517362833,100,1.998969554901123,29.31774139404297,24.190946578979492,21.87596893310547,0.0014001884264871478,20.54172134399414,29.394311904907227,888,2.2263266146183014e-06
0.002199999988079071,0.002201179973781109,100,1.9997870922088623,28.86634063720703,23.74408721923828,21.422029495239258,0.00031272240448743105,20.495254516601562,28.716989517211914,42,1.1799857020378113e-06
0.002199999988079071,0.002201179973781109,100,1.9997870922088623,28.86634063720703,23.74408721923828,21.422029495239258,0.00031272240448743105,20.495254516601562,28.716989517211914,123,1.1799857020378113e-06
0.002199999988079071,0.002201179973781109,100,1.9997870922088623,28.86634063720703,23.74408721923828,21.422029495239258,0.00031272240448743105,20.495254516601562,28.716989517211914,888,1.1799857020378113e-06
0.002300000051036477,0.0023022887762635946,100,1.998513102531433,28.441301345825195,23.32328987121582,20.99466323852539,0.002013007178902626,20.431936264038086,28.08446502685547,42,2.2887252271175385e-06
0.002300000051036477,0.0023022887762635946,100,1.998513102531433,28.441301345825195,23.32328987121582,20.99466323852539,0.002013007178902626,20.431936264038086,28.08446502685547,123,2.2887252271175385e-06
0.002300000051036477,0.0023022887762635946,100,1.998513102531433,28.441301345825195,23.32328987121582,20.99466323852539,0.002013007178902626,20.431936264038086,28.08446502685547,888,2.2887252271175385e-06
0.002400000113993883,0.0024014145601540804,100,1.9992451667785645,28.0395565032959,22.925569534301758,20.59078598022461,0.0010203949641436338,20.354965209960938,27.49115753173828,42,1.414446160197258e-06
0.002400000113993883,0.0024014145601540804,100,1.9992451667785645,28.0395565032959,22.925569534301758,20.59078598022461,0.0010203949641436338,20.354965209960938,27.49115753173828,123,1.414446160197258e-06
0.002400000113993883,0.0024014145601540804,100,1.9992451667785645,28.0395565032959,22.925569534301758,20.59078598022461,0.0010203949641436338,20.354965209960938,27.49115753173828,888,1.414446160197258e-06
0.0020000000949949026,0.0028110912535339594,110,2.0,30.48085594177246,25.345258712768555,23.034860610961914,0.0,21.663122177124023,30.0,42,0.0008110911585390568
0.0020000000949949026,0.0028110912535339594,110,2.0,30.48085594177246,25.345258712768555,23.034860610961914,0.0,21.663122177124023,30.0,123,0.0008110911585390568
0.0020000000949949026,0.0028110912535339594,110,2.0,30.48085594177246,25.345258712768555,23.034860610961914,0.0,21.663122177124023,30.0,888,0.0008110911585390568
0.002099999925121665,0.0028110912535339594,110,2.0,30.48085594177246,25.345258712768555,23.034860610961914,0.0,21.663122177124023,30.0,42,0.0007110913284122944
0.002099999925121665,0.0028110912535339594,110,2.0,30.48085594177246,25.345258712768555,23.034860610961914,0.0,21.663122177124023,30.0,123,0.0007110913284122944
0.002099999925121665,0.0028110912535339594,110,2.0,30.48085594177246,25.345258712768555,23.034860610961914,0.0,21.663122177124023,30.0,888,0.0007110913284122944
0.002199999988079071,0.0028110912535339594,110,2.0,30.48085594177246,25.345258712768555,23.034860610961914,0.0,21.663122177124023,30.0,42,0.0006110912654548883
0.002199999988079071,0.0028110912535339594,110,2.0,30.48085594177246,25.345258712768555,23.034860610961914,0.0,21.663122177124023,30.0,123,0.0006110912654548883
0.002199999988079071,0.0028110912535339594,110,2.0,30.48085594177246,25.345258712768555,23.034860610961914,0.0,21.663122177124023,30.0,888,0.0006110912654548883
0.002300000051036477,0.0028110912535339594,110,2.0,30.48085594177246,25.345258712768555,23.034860610961914,0.0,21.663122177124023,30.0,42,0.0005110912024974823
0.002300000051036477,0.0028110912535339594,110,2.0,30.48085594177246,25.345258712768555,23.034860610961914,0.0,21.663122177124023,30.0,123,0.0005110912024974823
0.002300000051036477,0.0028110912535339594,110,2.0,30.48085594177246,25.345258712768555,23.034860610961914,0.0,21.663122177124023,30.0,888,0.0005110912024974823
0.002400000113993883,0.0028110912535339594,110,2.0,30.48085594177246,25.345258712768555,23.034860610961914,0.0,21.663122177124023,30.0,42,0.00041109113954007626
0.002400000113993883,0.0028110912535339594,110,2.0,30.48085594177246,25.345258712768555,23.034860610961914,0.0,21.663122177124023,30.0,123,0.00041109113954007626
0.002400000113993883,0.0028110912535339594,110,2.0,30.48085594177246,25.345258712768555,23.034860610961914,0.0,21.663122177124023,30.0,888,0.00041109113954007626
0.0020000000949949026,0.0037420806474983692,120,2.0,31.050825119018555,25.9139347076416,23.594894409179688,0.0,22.832773208618164,30.0,42,0.0017420805525034666
0.0020000000949949026,0.0037420806474983692,120,2.0,31.050825119018555,25.9139347076416,23.594894409179688,0.0,22.832773208618164,30.0,123,0.0017420805525034666
0.0020000000949949026,0.0037420806474983692,120,2.0,31.050825119018555,25.9139347076416,23.594894409179688,0.0,22.832773208618164,30.0,888,0.0017420805525034666
0.002099999925121665,0.0037420806474983692,120,2.0,31.050825119018555,25.9139347076416,23.594894409179688,0.0,22.832773208618164,30.0,42,0.0016420807223767042
0.002099999925121665,0.0037420806474983692,120,2.0,31.050825119018555,25.9139347076416,23.594894409179688,0.0,22.832773208618164,30.0,123,0.0016420807223767042
0.002099999925121665,0.0037420806474983692,120,2.0,31.050825119018555,25.9139347076416,23.594894409179688,0.0,22.832773208618164,30.0,888,0.0016420807223767042
0.002199999988079071,0.0037420806474983692,120,2.0,31.050825119018555,25.9139347076416,23.594894409179688,0.0,22.832773208618164,30.0,42,0.0015420806594192982
0.002199999988079071,0.0037420806474983692,120,2.0,31.050825119018555,25.9139347076416,23.594894409179688,0.0,22.832773208618164,30.0,123,0.0015420806594192982
0.002199999988079071,0.0037420806474983692,120,2.0,31.050825119018555,25.9139347076416,23.594894409179688,0.0,22.832773208618164,30.0,888,0.0015420806594192982
0.002300000051036477,0.0037420806474983692,120,2.0,31.050825119018555,25.9139347076416,23.594894409179688,0.0,22.832773208618164,30.0,42,0.0014420805964618921
0.002300000051036477,0.0037420806474983692,120,2.0,31.050825119018555,25.9139347076416,23.594894409179688,0.0,22.832773208618164,30.0,123,0.0014420805964618921
0.002300000051036477,0.0037420806474983692,120,2.0,31.050825119018555,25.9139347076416,23.594894409179688,0.0,22.832773208618164,30.0,888,0.0014420805964618921
0.002400000113993883,0.0037420806474983692,120,2.0,31.050825119018555,25.9139347076416,23.594894409179688,0.0,22.832773208618164,30.0,42,0.001342080533504486
0.002400000113993883,0.0037420806474983692,120,2.0,31.050825119018555,25.9139347076416,23.594894409179688,0.0,22.832773208618164,30.0,123,0.001342080533504486
0.002400000113993883,0.0037420806474983692,120,2.0,31.050825119018555,25.9139347076416,23.594894409179688,0.0,22.832773208618164,30.0,888,0.001342080533504486
